BaselineVersion,Dataset,EMScore,OnlyForwardOneHop
0.2,RuBQ,0.3013503909026297,True
0.2,WDSQ,0.4642857142857143,True
0.3,RuBQ,0.287135749822317,True
0.3,WDSQ,0.44439935064935066,True
0.4,RuBQ,0.27789623312011374,True
0.4,WDSQ,0.461038961038961,True