BaselineVersion,Dataset,EMScore,OnlyForwardOneHop
0.2,RuBQ,0.3013503909026297,True
0.2,WDSQ,0.4642857142857143,True
0.3,RuBQ,0.2999289267945984,True
0.3,WDSQ,0.47362012987012986,True
0.4,RuBQ,0.27789623312011374,True
0.4,WDSQ,0.461038961038961,True
0.5,RuBQ,0.20753375977256575,True
0.5,WDSQ,0.39935064935064934,True